statistic,mean,std,q025,median,q975,true_value
mean,2.765112,0.325755,2.106384,2.771025,3.382939,3.000000
variance,5.834947,3.264293,3.219494,4.897274,14.480971,4.000000
