{
  "best_val_nll": -1.8902895761902925,
  "test_nll": -1.8989454485048913,
  "elapsed_s": 8968.192915439606,
  "epochs": 100,
  "loss_history": [
    -1.0576845830680965,
    -1.8707807272901316,
    -1.979796048596768,
    -2.1413363873806146,
    -2.218130610101973,
    -2.270386217443077,
    -2.3397567034377467,
    -2.3363744218636047,
    -2.4518257264438494,
    -2.5212781347734543,
    -2.4386478503951636,
    -2.607864209643715,
    -2.649271216205395,
    -2.6539545810550376,
    -2.67151978505237,
    -2.709303467951315,
    -2.794477669555513,
    -2.778195190526869,
    -2.8160400971427295,
    -2.863361958919279,
    -2.949828650297411,
    -2.9048524943687726,
    -2.9076989931256874,
    -2.96979113487179,
    -2.970742947533917,
    -2.968657112411221,
    -3.0320930827380446,
    -3.0529526260197923,
    -3.0484816747553207,
    -3.090774375611864,
    -3.0505512064832554,
    -3.093818202309901,
    -3.114541911865439,
    -3.137037663889663,
    -3.1166541631931386,
    -3.177211975121437,
    -3.1769068987130202,
    -3.1570919318138944,
    -3.1873236322189538,
    -3.2114667913035664,
    -3.208924374388307,
    -3.242817633368475,
    -3.2217650655133037,
    -3.220759963659603,
    -3.2335818349705328,
    -3.256038957849488,
    -3.2407186965046026,
    -3.270662934502677,
    -3.2797266837123713,
    -3.2600539142213516,
    -3.279097917172915,
    -3.320918896390349,
    -3.343218635758171,
    -3.2875101550308337,
    -3.330531971838773,
    -3.345876717468357,
    -3.312667969014029,
    -3.344008165704625,
    -3.3517017913291522,
    -3.388870173860389,
    -3.3593144280755003,
    -3.4223389331337133,
    -3.3568204429638966,
    -3.381871358455752,
    -3.395765329794506,
    -3.370273032609154,
    -3.354548976797125,
    -3.3987381664078558,
    -3.373610051696563,
    -3.409793410002423,
    -3.4475677417367314,
    -3.4495497152704715,
    -3.442342080690367,
    -3.433804358381902,
    -3.4477249652223514,
    -3.426910216469899,
    -3.465537252938351,
    -3.471851574966822,
    -3.464345568814851,
    -3.4749495533421215,
    -3.459966876584551,
    -3.447478750630108,
    -3.5084151337518716,
    -3.4869440584765066,
    -3.5062302867203115,
    -3.4790891476756776,
    -3.494179390351791,
    -3.5035264198299108,
    -3.514992198027918,
    -3.456237169711486,
    -3.499121004853712,
    -3.4652369278471182,
    -3.512897767069395,
    -3.4862384264883786,
    -3.5076259116992317,
    -3.49849357027227,
    -3.4952710076709232,
    -3.5273767121307684,
    -3.4827541351851905,
    -3.510644549680183
  ],
  "eval_history": [
    {
      "epoch": 1,
      "val_nll": -0.8647554076401291
    },
    {
      "epoch": 5,
      "val_nll": -1.1110792653575825
    },
    {
      "epoch": 10,
      "val_nll": -1.2505695671792243
    },
    {
      "epoch": 15,
      "val_nll": -1.2229944683943585
    },
    {
      "epoch": 20,
      "val_nll": -1.548139280574337
    },
    {
      "epoch": 25,
      "val_nll": -1.454713806225236
    },
    {
      "epoch": 30,
      "val_nll": -1.576928977753706
    },
    {
      "epoch": 35,
      "val_nll": -1.6080870522055657
    },
    {
      "epoch": 40,
      "val_nll": -1.6542854931703799
    },
    {
      "epoch": 45,
      "val_nll": -1.6274122106041877
    },
    {
      "epoch": 50,
      "val_nll": -1.7239117903314578
    },
    {
      "epoch": 55,
      "val_nll": -1.7335704997846275
    },
    {
      "epoch": 60,
      "val_nll": -1.729755322644665
    },
    {
      "epoch": 65,
      "val_nll": -1.8404326651506364
    },
    {
      "epoch": 70,
      "val_nll": -1.8391056546739712
    },
    {
      "epoch": 75,
      "val_nll": -1.815973603042068
    },
    {
      "epoch": 80,
      "val_nll": -1.8572712514051206
    },
    {
      "epoch": 85,
      "val_nll": -1.8709605332392796
    },
    {
      "epoch": 90,
      "val_nll": -1.8813581535011341
    },
    {
      "epoch": 95,
      "val_nll": -1.885039086174813
    },
    {
      "epoch": 100,
      "val_nll": -1.8902895761902925
    }
  ],
  "config": {
    "dataset": "MNIST",
    "train_size": 50000,
    "val_size": 10000,
    "test_size": 10000,
    "r_dim": 256,
    "z_dim": 256,
    "h_dim": 256,
    "num_pseudo_points": 30,
    "num_pseudo_samples": 5,
    "lr": 0.0005
  }
}