{
  "best_val_nll": -1.8423807917127184,
  "test_nll": -1.8455061950501364,
  "elapsed_s": 8966.546996116638,
  "epochs": 100,
  "loss_history": [
    -1.1208303326593778,
    -1.8248509331737333,
    -1.9064940844312348,
    -2.07101948639316,
    -2.156038030829576,
    -2.1508506806686407,
    -2.1970441935541074,
    -2.3681313482391864,
    -2.3917834219877676,
    -2.343139039176276,
    -2.4394464131606663,
    -2.487856264080843,
    -2.5786909037233925,
    -2.644092811724109,
    -2.625453660207446,
    -2.5986926744184684,
    -2.7320952999698536,
    -2.768880797926422,
    -2.8079400566952004,
    -2.774564332955176,
    -2.792161175814431,
    -2.804244795071004,
    -2.829335017734781,
    -2.910835700762241,
    -2.860757524114283,
    -2.866375662510276,
    -2.947999806926988,
    -2.9398903966407337,
    -2.939744673421621,
    -2.9928712472129053,
    -3.0116157462377378,
    -3.022616938575912,
    -3.040359853097545,
    -3.036633322839542,
    -3.0743434011859967,
    -3.0574095528144056,
    -3.105326952112605,
    -3.074050789522698,
    -3.094397444439971,
    -3.122570938771338,
    -3.1388114940784777,
    -3.1671440943961255,
    -3.144662931294697,
    -3.205932752936697,
    -3.1625669978921067,
    -3.2075693233848535,
    -3.173034211330097,
    -3.2253388302100587,
    -3.231300978938027,
    -3.21000664907953,
    -3.2277772587240503,
    -3.2579569328014197,
    -3.282640343107988,
    -3.229563061767222,
    -3.285705941107572,
    -3.311710921128083,
    -3.2763665726270212,
    -3.296750077201277,
    -3.326047093895695,
    -3.3522996646364023,
    -3.3279019085037738,
    -3.3861137622457638,
    -3.342887479097337,
    -3.360619403669596,
    -3.3788970891776904,
    -3.3488853364954214,
    -3.349678216154313,
    -3.3729301624743226,
    -3.3623535805346108,
    -3.3815782724134147,
    -3.4110532369074003,
    -3.404948155555274,
    -3.4063043461736204,
    -3.3955239206552505,
    -3.4257025469447036,
    -3.387979942285801,
    -3.425152723898973,
    -3.4336418271674525,
    -3.429318196938166,
    -3.435565164936778,
    -3.421519402919523,
    -3.4188614362645944,
    -3.453500965900738,
    -3.4221651564016367,
    -3.468353866082628,
    -3.438876856251827,
    -3.4450293048415954,
    -3.447970766698003,
    -3.4644889122689775,
    -3.4125989790615217,
    -3.4565599222317376,
    -3.4227122599663944,
    -3.472114025174504,
    -3.4409905619099925,
    -3.467110705535735,
    -3.4517173039181457,
    -3.4404752962958174,
    -3.4697302591312877,
    -3.4316653792205676,
    -3.4628559387553377
  ],
  "eval_history": [
    {
      "epoch": 1,
      "val_nll": -0.8578809560484187
    },
    {
      "epoch": 5,
      "val_nll": -1.0839622783812748
    },
    {
      "epoch": 10,
      "val_nll": -1.2844106573967418
    },
    {
      "epoch": 15,
      "val_nll": -1.351231447071027
    },
    {
      "epoch": 20,
      "val_nll": -1.5130477205962891
    },
    {
      "epoch": 25,
      "val_nll": -1.4427615768590552
    },
    {
      "epoch": 30,
      "val_nll": -1.591195132322372
    },
    {
      "epoch": 35,
      "val_nll": -1.611277582539115
    },
    {
      "epoch": 40,
      "val_nll": -1.5783845808855288
    },
    {
      "epoch": 45,
      "val_nll": -1.6058168312546555
    },
    {
      "epoch": 50,
      "val_nll": -1.6750445077373723
    },
    {
      "epoch": 55,
      "val_nll": -1.692140077329745
    },
    {
      "epoch": 60,
      "val_nll": -1.7792899350451816
    },
    {
      "epoch": 65,
      "val_nll": -1.813840759028295
    },
    {
      "epoch": 70,
      "val_nll": -1.7755123786865525
    },
    {
      "epoch": 75,
      "val_nll": -1.786313899003776
    },
    {
      "epoch": 80,
      "val_nll": -1.8039537075978176
    },
    {
      "epoch": 85,
      "val_nll": -1.8292525422041583
    },
    {
      "epoch": 90,
      "val_nll": -1.8297993821702945
    },
    {
      "epoch": 95,
      "val_nll": -1.8423807917127184
    },
    {
      "epoch": 100,
      "val_nll": -1.8394357391223786
    }
  ],
  "config": {
    "dataset": "MNIST",
    "train_size": 50000,
    "val_size": 10000,
    "test_size": 10000,
    "r_dim": 256,
    "z_dim": 256,
    "h_dim": 256,
    "num_pseudo_points": 30,
    "num_pseudo_samples": 5,
    "lr": 0.0005
  }
}